,louvain,cell type
"CD-0722-1_A1,A5",0,B-NK
"CD-0722-1_A1,C6",1,Unk=HSC
"CD-0722-1_A1,E3",4,HSC
"CD-0722-1_A1,H10",1,Unk=HSC
"CD-0722-1_A2,A7",1,Unk=HSC
"CD-0722-1_A2,B7",7,MEP
"CD-0722-1_A2,C12",1,Unk=HSC
"CD-0722-1_A2,D12",0,B-NK
"CD-0722-1_A2,E9",6,LMPP
"CD-0722-1_A2,G8",4,HSC
"CD-0722-1_A2,G10",3,MPP
"CD-0722-1_A3,C5",0,B-NK
"CD-0722-1_A3,D3",5,Unk=5
"CD-0722-1_A3,D10",1,Unk=HSC
"CD-0722-1_A3,D11",6,LMPP
"CD-0722-1_A3,F7",5,Unk=5
"CD-0722-1_A4,A8",1,Unk=HSC
"CD-0722-1_A4,A11",5,Unk=5
"CD-0722-1_A4,F1",0,B-NK
"CD-0722-1_A4,H1",3,MPP
"CD-0722-1_A4,H3",0,B-NK
"CD-0722-1_A5,A1",4,HSC
"CD-0722-1_A5,A7",0,B-NK
"CD-0722-1_A5,C5",4,HSC
"CD-0722-1_A5,C8",4,HSC
"CD-0722-1_A5,E1",6,LMPP
"CD-0722-1_A5,E9",1,Unk=HSC
"CD-0722-1_A5,F7",5,Unk=5
"CD-0722-1_A5,H12",6,LMPP
"CD-0722-1_A6,A1",5,Unk=5
"CD-0722-1_A6,C5",2,Unk=2
"CD-0722-1_A6,D8",5,Unk=5
"CD-0722-1_A6,G1",0,B-NK
"CD-0722-1_A6,G12",1,Unk=HSC
"CD-0722-1_A6,H12",2,Unk=2
"CD-0722-1_A7,B9",2,Unk=2
"CD-0722-1_A7,D5",2,Unk=2
"CD-0722-1_A7,E10",9,MLP
"CD-0722-1_A7,H6",4,HSC
"CD-0722-1_A8,C9",1,Unk=HSC
"CD-0722-1_A8,D1",2,Unk=2
"CD-0722-1_A8,E12",4,HSC
"CD-0722-1_A8,G8",0,B-NK
"CD-0722-1_A8,H3",0,B-NK
"CD-0722-1_A8,H5",3,MPP
"CD-0722-1_A9,C1",2,Unk=2
"CD-0722-1_A9,C2",1,Unk=HSC
"CD-0722-1_A9,C8",0,B-NK
"CD-0722-1_A9,E7",6,LMPP
"CD-0722-1_A9,F5",1,Unk=HSC
"CD-0722-1_A9,G12",7,MEP
"CD-0722-1_A10,E4",6,LMPP
"CD-0722-1_A10,E8",0,B-NK
"CD-0722-1_A10,E9",4,HSC
"CD-0722-1_A10,G1",9,MLP
"CD-0722-1_A10,G8",3,MPP
"CD-0722-1_A10,H12",6,LMPP
"CD-0722-1_A11,A11",1,Unk=HSC
"CD-0722-1_A11,B5",3,MPP
"CD-0722-1_A11,C3",8,Unk=B-NK
"CD-0722-1_A11,D12",6,LMPP
"CD-0722-1_A11,G9",6,LMPP
"CD-0722-1_A12,D6",4,HSC
"CD-0722-1_A12,D8",5,Unk=5
"CD-0722-1_A12,E3",3,MPP
"CD-0722-1_A12,H10",2,Unk=2
"CD-0722-1_A12,H12",4,HSC
"CD-0722-1_B1,A1",5,Unk=5
"CD-0722-1_B1,A9",3,MPP
"CD-0722-1_B1,D12",0,B-NK
"CD-0722-1_B1,E1",1,Unk=HSC
"CD-0722-1_B1,E10",7,MEP
"CD-0722-1_B1,E12",3,MPP
"CD-0722-1_B1,F1",5,Unk=5
"CD-0722-1_B1,F7",2,Unk=2
"CD-0722-1_B1,H1",2,Unk=2
"CD-0722-1_B2,B6",5,Unk=5
"CD-0722-1_B2,C3",5,Unk=5
"CD-0722-1_B2,C6",5,Unk=5
"CD-0722-1_B2,D1",2,Unk=2
"CD-0722-1_B2,D9",7,MEP
"CD-0722-1_B2,F3",1,Unk=HSC
"CD-0722-1_B3,A1",1,Unk=HSC
"CD-0722-1_B3,A11",8,Unk=B-NK
"CD-0722-1_B3,B12",7,MEP
"CD-0722-1_B3,E1",0,B-NK
"CD-0722-1_B3,E3",0,B-NK
"CD-0722-1_B4,D9",7,MEP
"CD-0722-1_B4,E6",2,Unk=2
"CD-0722-1_B4,F6",3,MPP
"CD-0722-1_B4,F10",6,LMPP
"CD-0722-1_B5,E9",0,B-NK
"CD-0722-1_B5,F1",8,Unk=B-NK
"CD-0722-1_B5,H12",1,Unk=HSC
"CD-0722-1_B6,E12",5,Unk=5
"CD-0722-1_B6,F5",9,MLP
"CD-0722-1_B6,G12",4,HSC
"CD-0722-1_B7,A3",6,LMPP
"CD-0722-1_B7,A7",8,Unk=B-NK
"CD-0722-1_B7,A9",5,Unk=5
"CD-0722-1_B7,D7",1,Unk=HSC
"CD-0722-1_B7,E2",2,Unk=2
"CD-0722-1_B7,E3",7,MEP
"CD-0722-1_B7,E10",3,MPP
"CD-0722-1_B7,F5",5,Unk=5
"CD-0722-1_B8,A7",3,MPP
"CD-0722-1_B8,C8",0,B-NK
"CD-0722-1_B8,D4",5,Unk=5
"CD-0722-1_B9,D2",5,Unk=5
"CD-0722-1_B9,E1",6,LMPP
"CD-0722-1_B9,E6",7,MEP
"CD-0722-1_B10,B12",3,MPP
"CD-0722-1_B10,C5",1,Unk=HSC
"CD-0722-1_B10,E4",4,HSC
"CD-0722-1_B10,G9",1,Unk=HSC
"CD-0722-1_B11,A4",5,Unk=5
"CD-0722-1_B11,B12",1,Unk=HSC
"CD-0722-1_B11,C1",2,Unk=2
"CD-0722-1_B11,D9",1,Unk=HSC
"CD-0722-1_B11,E5",0,B-NK
"CD-0722-1_B11,E6",0,B-NK
"CD-0722-1_B12,A10",2,Unk=2
"CD-0722-1_B12,C10",9,MLP
"CD-0722-1_C1,A8",1,Unk=HSC
"CD-0722-1_C1,B9",5,Unk=5
"CD-0722-1_C1,D9",4,HSC
"CD-0722-1_C1,D10",3,MPP
"CD-0722-1_C1,E7",5,Unk=5
"CD-0722-1_C1,F3",2,Unk=2
"CD-0722-1_C1,H12",0,B-NK
"CD-0722-1_C2,A12",0,B-NK
"CD-0722-1_C2,E7",0,B-NK
"CD-0722-1_C2,E10",4,HSC
"CD-0722-1_C2,F2",1,Unk=HSC
"CD-0722-1_C2,G2",2,Unk=2
"CD-0722-1_C2,G10",6,LMPP
"CD-0722-1_C3,A1",1,Unk=HSC
"CD-0722-1_C3,A5",6,LMPP
"CD-0722-1_C3,C5",5,Unk=5
"CD-0722-1_C3,F5",0,B-NK
"CD-0722-1_C3,F7",0,B-NK
"CD-0722-1_C4,A2",7,MEP
"CD-0722-1_C4,B10",2,Unk=2
"CD-0722-1_C4,E1",6,LMPP
"CD-0722-1_C4,E9",0,B-NK
"CD-0722-1_C4,G2",5,Unk=5
"CD-0722-1_C4,G3",7,MEP
"CD-0722-1_C4,H5",0,B-NK
"CD-0722-1_C5,A4",2,Unk=2
"CD-0722-1_C5,C4",2,Unk=2
"CD-0722-1_C5,C9",2,Unk=2
"CD-0722-1_C5,D3",3,MPP
"CD-0722-1_C5,F4",5,Unk=5
"CD-0722-1_C6,C5",2,Unk=2
"CD-0722-1_C6,E4",3,MPP
"CD-0722-1_C6,H2",1,Unk=HSC
"CD-0722-1_C6,H5",1,Unk=HSC
"CD-0722-1_C6,H12",5,Unk=5
"CD-0722-1_C7,B2",5,Unk=5
"CD-0722-1_C7,C3",2,Unk=2
"CD-0722-1_C7,D3",2,Unk=2
"CD-0722-1_C7,D11",0,B-NK
"CD-0722-1_C7,F1",4,HSC
"CD-0722-1_C7,F10",1,Unk=HSC
"CD-0722-1_C7,G12",0,B-NK
"CD-0722-1_C7,H9",6,LMPP
"CD-0722-1_C8,A5",3,MPP
"CD-0722-1_C9,A1",1,Unk=HSC
"CD-0722-1_C9,D8",8,Unk=B-NK
"CD-0722-1_C9,D11",4,HSC
"CD-0722-1_C9,E10",4,HSC
"CD-0722-1_C9,E12",2,Unk=2
"CD-0722-1_C9,F7",5,Unk=5
"CD-0722-1_C9,G9",6,LMPP
"CD-0722-1_C9,H12",2,Unk=2
"CD-0722-1_C10,A6",4,HSC
"CD-0722-1_C10,B5",2,Unk=2
"CD-0722-1_C10,B9",2,Unk=2
"CD-0722-1_C10,C8",5,Unk=5
"CD-0722-1_C10,E1",4,HSC
"CD-0722-1_C10,E3",6,LMPP
"CD-0722-1_C10,E10",9,MLP
"CD-0722-1_C10,G11",6,LMPP
"CD-0722-1_C11,B4",2,Unk=2
"CD-0722-1_C11,C7",2,Unk=2
"CD-0722-1_C11,E3",3,MPP
"CD-0722-1_C12,B6",1,Unk=HSC
"CD-0722-1_C12,G7",6,LMPP
"CD-0722-1_C12,G10",0,B-NK
"CD-0722-1_D1,C12",1,Unk=HSC
"CD-0722-1_D1,E10",5,Unk=5
"CD-0722-1_D1,H10",0,B-NK
"CD-0722-1_D1,H12",3,MPP
"CD-0722-1_D2,A1",3,MPP
"CD-0722-1_D2,B12",0,B-NK
"CD-0722-1_D2,C9",6,LMPP
"CD-0722-1_D2,D3",1,Unk=HSC
"CD-0722-1_D2,F4",2,Unk=2
"CD-0722-1_D3,B2",2,Unk=2
"CD-0722-1_D3,B9",8,Unk=B-NK
"CD-0722-1_D3,C8",2,Unk=2
"CD-0722-1_D3,C12",2,Unk=2
"CD-0722-1_D3,D1",2,Unk=2
"CD-0722-1_D3,D4",6,LMPP
"CD-0722-1_D4,A3",1,Unk=HSC
"CD-0722-1_D4,B4",2,Unk=2
"CD-0722-1_D4,D1",2,Unk=2
"CD-0722-1_D4,D3",2,Unk=2
"CD-0722-1_D4,E2",9,MLP
"CD-0722-1_D4,E8",0,B-NK
"CD-0722-1_D4,G3",3,MPP
"CD-0722-1_D5,B4",2,Unk=2
"CD-0722-1_D5,B10",2,Unk=2
"CD-0722-1_D5,C4",6,LMPP
"CD-0722-1_D5,C7",2,Unk=2
"CD-0722-1_D5,E2",4,HSC
"CD-0722-1_D5,F2",3,MPP
"CD-0722-1_D5,F11",5,Unk=5
"CD-0722-1_D5,G3",4,HSC
"CD-0722-1_D6,C5",5,Unk=5
"CD-0722-1_D6,C8",3,MPP
"CD-0722-1_D6,F10",6,LMPP
"CD-0722-1_D6,G9",0,B-NK
"CD-0722-1_D6,H5",1,Unk=HSC
"CD-0722-1_D7,A2",9,MLP
"CD-0722-1_D7,C1",5,Unk=5
"CD-0722-1_D7,E5",3,MPP
"CD-0722-1_D7,E12",8,Unk=B-NK
"CD-0722-1_D7,H12",3,MPP
"CD-0722-1_D8,A3",0,B-NK
"CD-0722-1_D8,A5",6,LMPP
"CD-0722-1_D8,F10",4,HSC
"CD-0722-1_D9,C8",9,MLP
"CD-0722-1_D9,D5",1,Unk=HSC
"CD-0722-1_D9,F11",4,HSC
"CD-0722-1_D10,B5",1,Unk=HSC
"CD-0722-1_D10,E10",7,MEP
"CD-0722-1_D10,G10",0,B-NK
"CD-0722-1_D11,A8",3,MPP
"CD-0722-1_D11,A12",4,HSC
"CD-0722-1_D12,A5",0,B-NK
"CD-0722-1_D12,A11",5,Unk=5
"CD-0722-1_D12,C1",2,Unk=2
"CD-0722-1_D12,F10",5,Unk=5
"CD-0722-1_D12,H2",3,MPP
"CD-0722-1_D12,H6",3,MPP
"CD-0722-1_E1,A5",9,MLP
"CD-0722-1_E1,A12",5,Unk=5
"CD-0722-1_E1,C3",2,Unk=2
"CD-0722-1_E1,C8",1,Unk=HSC
"CD-0722-1_E1,D6",6,LMPP
"CD-0722-1_E1,E8",4,HSC
"CD-0722-1_E2,A7",3,MPP
"CD-0722-1_E2,C1",2,Unk=2
"CD-0722-1_E2,C5",7,MEP
"CD-0722-1_E2,F2",0,B-NK
"CD-0722-1_E2,F11",2,Unk=2
"CD-0722-1_E3,A1",3,MPP
"CD-0722-1_E3,A5",5,Unk=5
"CD-0722-1_E3,B8",2,Unk=2
"CD-0722-1_E3,E4",6,LMPP
"CD-0722-1_E4,A3",1,Unk=HSC
"CD-0722-1_E4,A6",1,Unk=HSC
"CD-0722-1_E4,B7",7,MEP
"CD-0722-1_E4,C10",3,MPP
"CD-0722-1_E4,C11",2,Unk=2
"CD-0722-1_E4,D9",6,LMPP
"CD-0722-1_E4,E1",3,MPP
"CD-0722-1_E4,F2",0,B-NK
"CD-0722-1_E4,F7",5,Unk=5
"CD-0722-1_E4,G10",5,Unk=5
"CD-0722-1_E5,B8",4,HSC
"CD-0722-1_E5,C6",5,Unk=5
"CD-0722-1_E5,C11",7,MEP
"CD-0722-1_E5,D6",7,MEP
"CD-0722-1_E5,D9",4,HSC
"CD-0722-1_E5,G9",4,HSC
"CD-0722-1_E5,H5",6,LMPP
"CD-0722-1_E6,C9",6,LMPP
"CD-0722-1_E7,B5",9,MLP
"CD-0722-1_E7,B8",3,MPP
"CD-0722-1_E7,C6",5,Unk=5
"CD-0722-1_E7,D6",5,Unk=5
"CD-0722-1_E7,E10",7,MEP
"CD-0722-1_E8,C1",8,Unk=B-NK
"CD-0722-1_E8,C3",2,Unk=2
"CD-0722-1_E8,C6",4,HSC
"CD-0722-1_E8,C7",2,Unk=2
"CD-0722-1_E8,G2",2,Unk=2
"CD-0722-1_E9,A3",1,Unk=HSC
"CD-0722-1_E9,C11",3,MPP
"CD-0722-1_E9,E2",0,B-NK
"CD-0722-1_E9,H3",3,MPP
"CD-0722-1_E10,B4",3,MPP
"CD-0722-1_E10,B5",5,Unk=5
"CD-0722-1_E10,B12",5,Unk=5
"CD-0722-1_E10,D4",6,LMPP
"CD-0722-1_E10,E9",0,B-NK
"CD-0722-1_E10,E12",3,MPP
"CD-0722-1_E10,G11",1,Unk=HSC
"CD-0722-1_E11,A7",6,LMPP
"CD-0722-1_E11,C8",4,HSC
"CD-0722-1_E11,D2",4,HSC
"CD-0722-1_E11,F1",5,Unk=5
"CD-0722-1_E12,D5",0,B-NK
"CD-0722-1_E12,F9",4,HSC
"CD-0722-1_F1,A6",1,Unk=HSC
"CD-0722-1_F1,D11",0,B-NK
"CD-0722-1_F1,E8",7,MEP
"CD-0722-1_F1,G9",7,MEP
"CD-0722-1_F2,A1",6,LMPP
"CD-0722-1_F2,D9",3,MPP
"CD-0722-1_F2,E12",5,Unk=5
"CD-0722-1_F3,B4",7,MEP
"CD-0722-1_F3,C1",1,Unk=HSC
"CD-0722-1_F3,E9",4,HSC
"CD-0722-1_F3,E12",7,MEP
"CD-0722-1_F3,F2",3,MPP
"CD-0722-1_F4,B5",2,Unk=2
"CD-0722-1_F4,D4",8,Unk=B-NK
"CD-0722-1_F4,E4",3,MPP
"CD-0722-1_F4,E12",8,Unk=B-NK
"CD-0722-1_F5,B1",6,LMPP
"CD-0722-1_F5,C2",1,Unk=HSC
"CD-0722-1_F5,D7",6,LMPP
"CD-0722-1_F5,E5",3,MPP
"CD-0722-1_F5,E6",2,Unk=2
"CD-0722-1_F5,G2",5,Unk=5
"CD-0722-1_F6,B9",5,Unk=5
"CD-0722-1_F6,D9",2,Unk=2
"CD-0722-1_F6,E6",0,B-NK
"CD-0722-1_F6,E10",0,B-NK
"CD-0722-1_F6,F3",9,MLP
"CD-0722-1_F6,G7",0,B-NK
"CD-0722-1_F6,G11",3,MPP
"CD-0722-1_F6,H6",3,MPP
"CD-0722-1_F7,A2",8,Unk=B-NK
"CD-0722-1_F7,C2",1,Unk=HSC
"CD-0722-1_F7,C12",0,B-NK
"CD-0722-1_F7,D5",5,Unk=5
"CD-0722-1_F7,D10",2,Unk=2
"CD-0722-1_F7,E3",6,LMPP
"CD-0722-1_F7,E7",4,HSC
"CD-0722-1_F7,E12",8,Unk=B-NK
"CD-0722-1_F8,A9",1,Unk=HSC
"CD-0722-1_F8,C12",3,MPP
"CD-0722-1_F8,F3",4,HSC
"CD-0722-1_F8,F7",2,Unk=2
"CD-0722-1_F9,B7",5,Unk=5
"CD-0722-1_F9,C6",7,MEP
"CD-0722-1_F9,D7",0,B-NK
"CD-0722-1_F9,E3",1,Unk=HSC
"CD-0722-1_F10,B1",3,MPP
"CD-0722-1_F10,C9",3,MPP
"CD-0722-1_F10,D2",0,B-NK
"CD-0722-1_F10,D4",0,B-NK
"CD-0722-1_F10,G5",8,Unk=B-NK
"CD-0722-1_F11,A4",8,Unk=B-NK
"CD-0722-1_F11,B6",5,Unk=5
"CD-0722-1_F11,C3",2,Unk=2
"CD-0722-1_F11,E9",0,B-NK
"CD-0722-1_F11,F6",1,Unk=HSC
"CD-0722-1_F11,G9",8,Unk=B-NK
"CD-0722-1_F12,E3",0,B-NK
"CD-0722-1_F12,E12",3,MPP
"CD-0722-1_F12,F7",1,Unk=HSC
"CD-0722-1_F12,G1",0,B-NK
"CD-0722-1_G1,C3",3,MPP
"CD-0722-1_G1,D9",2,Unk=2
"CD-0722-1_G2,B3",3,MPP
"CD-0722-1_G2,F10",1,Unk=HSC
"CD-0722-1_G2,G8",6,LMPP
"CD-0722-1_G2,H6",6,LMPP
"CD-0722-1_G3,D11",6,LMPP
"CD-0722-1_G3,E9",3,MPP
"CD-0722-1_G3,F4",5,Unk=5
"CD-0722-1_G3,F5",5,Unk=5
"CD-0722-1_G3,F6",4,HSC
"CD-0722-1_G4,C4",1,Unk=HSC
"CD-0722-1_G4,C7",2,Unk=2
"CD-0722-1_G4,E2",3,MPP
"CD-0722-1_G4,E4",7,MEP
"CD-0722-1_G4,F11",3,MPP
"CD-0722-1_G4,H10",0,B-NK
"CD-0722-1_G5,D3",2,Unk=2
"CD-0722-1_G5,F10",8,Unk=B-NK
"CD-0722-1_G5,G5",1,Unk=HSC
"CD-0722-1_G5,H3",1,Unk=HSC
"CD-0722-1_G6,B1",5,Unk=5
"CD-0722-1_G6,G7",3,MPP
"CD-0722-1_G7,A2",1,Unk=HSC
"CD-0722-1_G7,D1",5,Unk=5
"CD-0722-1_G7,G7",6,LMPP
"CD-0722-1_G8,B12",5,Unk=5
"CD-0722-1_G8,D9",1,Unk=HSC
"CD-0722-1_G8,F5",1,Unk=HSC
"CD-0722-1_G8,G10",4,HSC
"CD-0722-1_G9,A6",3,MPP
"CD-0722-1_G9,B12",4,HSC
"CD-0722-1_G9,C3",2,Unk=2
"CD-0722-1_G9,C6",4,HSC
"CD-0722-1_G9,C11",4,HSC
"CD-0722-1_G9,C12",1,Unk=HSC
"CD-0722-1_G9,D3",1,Unk=HSC
"CD-0722-1_G9,D8",3,MPP
"CD-0722-1_G9,E11",3,MPP
"CD-0722-1_G9,E12",1,Unk=HSC
"CD-0722-1_G10,A1",1,Unk=HSC
"CD-0722-1_G10,A2",7,MEP
"CD-0722-1_G10,D4",2,Unk=2
"CD-0722-1_G10,E1",3,MPP
"CD-0722-1_G10,F7",0,B-NK
"CD-0722-1_G11,A6",5,Unk=5
"CD-0722-1_G11,A7",1,Unk=HSC
"CD-0722-1_G11,B1",3,MPP
"CD-0722-1_G11,C4",4,HSC
"CD-0722-1_G11,C8",0,B-NK
"CD-0722-1_G11,E7",1,Unk=HSC
"CD-0722-1_G11,E10",6,LMPP
"CD-0722-1_G12,E9",0,B-NK
"CD-0722-1_G12,F1",3,MPP
"CD-0722-1_G12,F6",0,B-NK
"CD-0722-1_G12,G7",1,Unk=HSC
"CD-0722-1_H1,B7",7,MEP
"CD-0722-1_H1,D4",2,Unk=2
"CD-0722-1_H1,D8",3,MPP
"CD-0722-1_H1,F2",0,B-NK
"CD-0722-1_H1,F6",3,MPP
"CD-0722-1_H1,G11",1,Unk=HSC
"CD-0722-1_H1,G12",3,MPP
"CD-0722-1_H2,D3",1,Unk=HSC
"CD-0722-1_H2,D12",3,MPP
"CD-0722-1_H2,E5",6,LMPP
"CD-0722-1_H2,F9",1,Unk=HSC
"CD-0722-1_H3,A5",5,Unk=5
"CD-0722-1_H3,C6",0,B-NK
"CD-0722-1_H4,A11",7,MEP
"CD-0722-1_H4,C7",2,Unk=2
"CD-0722-1_H4,D8",2,Unk=2
"CD-0722-1_H4,D11",0,B-NK
"CD-0722-1_H4,F2",5,Unk=5
"CD-0722-1_H4,G5",3,MPP
"CD-0722-1_H5,B3",2,Unk=2
"CD-0722-1_H5,E3",4,HSC
"CD-0722-1_H5,E10",0,B-NK
"CD-0722-1_H6,A3",3,MPP
"CD-0722-1_H6,A9",3,MPP
"CD-0722-1_H6,C12",8,Unk=B-NK
"CD-0722-1_H6,F3",1,Unk=HSC
"CD-0722-1_H6,G3",1,Unk=HSC
"CD-0722-1_H6,G9",6,LMPP
"CD-0722-1_H6,G10",6,LMPP
"CD-0722-1_H6,H8",1,Unk=HSC
"CD-0722-1_H7,A5",5,Unk=5
"CD-0722-1_H7,C9",2,Unk=2
"CD-0722-1_H7,D8",2,Unk=2
"CD-0722-1_H7,H10",3,MPP
"CD-0722-1_H7,H12",1,Unk=HSC
"CD-0722-1_H8,C8",3,MPP
"CD-0722-1_H8,E3",5,Unk=5
"CD-0722-1_H8,H5",3,MPP
"CD-0722-1_H9,D3",2,Unk=2
"CD-0722-1_H9,D11",0,B-NK
"CD-0722-1_H9,F5",2,Unk=2
"CD-0722-1_H9,F6",3,MPP
"CD-0722-1_H9,G3",7,MEP
"CD-0722-1_H9,H9",0,B-NK
"CD-0722-1_H9,H10",1,Unk=HSC
"CD-0722-1_H10,C2",5,Unk=5
"CD-0722-1_H10,D12",6,LMPP
"CD-0722-1_H10,G10",2,Unk=2
"CD-0722-1_H10,G12",0,B-NK
"CD-0722-1_H10,H5",0,B-NK
"CD-0722-1_H11,B2",8,Unk=B-NK
"CD-0722-1_H11,D8",5,Unk=5
"CD-0722-1_H11,H8",8,Unk=B-NK
"CD-0722-1_H12,A2",5,Unk=5
"CD-0722-1_H12,A9",3,MPP
"CD-0722-1_H12,B6",3,MPP
"CD-0722-1_H12,B8",5,Unk=5
"CD-0722-1_H12,C6",4,HSC
"CD-0722-1_H12,C8",0,B-NK
"CD-0722-1_H12,C11",1,Unk=HSC
"CD-0722-1_H12,E2",3,MPP
"CD-0722-1_H12,F1",3,MPP
"CD-0722-1_H12,F2",0,B-NK
"CD-0722-2_A1,A2",1,Unk=HSC
"CD-0722-2_A1,D4",8,Unk=B-NK
"CD-0722-2_A1,F2",0,B-NK
"CD-0722-2_A1,G2",2,Unk=2
"CD-0722-2_A1,H1",0,B-NK
"CD-0722-2_A1,H2",5,Unk=5
"CD-0722-2_A2,C5",9,MLP
"CD-0722-2_A2,E2",0,B-NK
"CD-0722-2_A2,F4",8,Unk=B-NK
"CD-0722-2_A2,F9",6,LMPP
"CD-0722-2_A2,F10",4,HSC
"CD-0722-2_A2,G2",8,Unk=B-NK
"CD-0722-2_A3,B4",8,Unk=B-NK
"CD-0722-2_A3,B7",3,MPP
"CD-0722-2_A3,C9",2,Unk=2
"CD-0722-2_A3,D2",2,Unk=2
"CD-0722-2_A3,D4",1,Unk=HSC
"CD-0722-2_A3,D6",0,B-NK
"CD-0722-2_A3,F2",0,B-NK
"CD-0722-2_A3,G3",5,Unk=5
"CD-0722-2_A3,G8",4,HSC
"CD-0722-2_A3,H1",2,Unk=2
"CD-0722-2_A4,B1",5,Unk=5
"CD-0722-2_A4,E1",0,B-NK
"CD-0722-2_A4,E4",3,MPP
"CD-0722-2_A5,B2",2,Unk=2
"CD-0722-2_A5,C4",8,Unk=B-NK
"CD-0722-2_A5,D3",6,LMPP
"CD-0722-2_A5,D6",4,HSC
"CD-0722-2_A5,G11",6,LMPP
"CD-0722-2_A6,D9",6,LMPP
"CD-0722-2_A6,E8",1,Unk=HSC
"CD-0722-2_A6,F1",2,Unk=2
"CD-0722-2_A6,G1",6,LMPP
"CD-0722-2_A7,A10",2,Unk=2
"CD-0722-2_A7,C10",4,HSC
"CD-0722-2_A7,C12",1,Unk=HSC
"CD-0722-2_A7,D2",0,B-NK
"CD-0722-2_A7,D3",8,Unk=B-NK
"CD-0722-2_A7,D4",6,LMPP
"CD-0722-2_A7,F11",3,MPP
"CD-0722-2_A8,C5",8,Unk=B-NK
"CD-0722-2_A8,C9",2,Unk=2
"CD-0722-2_A8,F3",0,B-NK
"CD-0722-2_A8,G11",5,Unk=5
"CD-0722-2_A9,A11",6,LMPP
"CD-0722-2_A9,C6",6,LMPP
"CD-0722-2_A9,C8",4,HSC
"CD-0722-2_A9,E6",3,MPP
"CD-0722-2_A9,G9",0,B-NK
"CD-0722-2_A10,A1",1,Unk=HSC
"CD-0722-2_A10,C11",1,Unk=HSC
"CD-0722-2_A10,E4",7,MEP
"CD-0722-2_A10,E5",0,B-NK
"CD-0722-2_A10,G11",1,Unk=HSC
"CD-0722-2_A10,H10",3,MPP
"CD-0722-2_A11,B4",1,Unk=HSC
"CD-0722-2_A11,C3",2,Unk=2
"CD-0722-2_A11,C6",2,Unk=2
"CD-0722-2_A12,A6",4,HSC
"CD-0722-2_A12,B10",2,Unk=2
"CD-0722-2_A12,G8",4,HSC
"CD-0722-2_A12,H10",3,MPP
"CD-0722-2_B1,A3",1,Unk=HSC
"CD-0722-2_B1,B7",7,MEP
"CD-0722-2_B1,C8",6,LMPP
"CD-0722-2_B1,D2",0,B-NK
"CD-0722-2_B1,D12",4,HSC
"CD-0722-2_B2,B9",8,Unk=B-NK
"CD-0722-2_B2,E7",0,B-NK
"CD-0722-2_B2,F7",5,Unk=5
"CD-0722-2_B3,B3",2,Unk=2
"CD-0722-2_B3,E2",6,LMPP
"CD-0722-2_B3,G5",6,LMPP
"CD-0722-2_B3,H1",2,Unk=2
"CD-0722-2_B3,H2",5,Unk=5
"CD-0722-2_B4,C1",1,Unk=HSC
"CD-0722-2_B4,E7",1,Unk=HSC
"CD-0722-2_B5,B12",9,MLP
"CD-0722-2_B5,C4",6,LMPP
"CD-0722-2_B5,D5",0,B-NK
"CD-0722-2_B5,D10",3,MPP
"CD-0722-2_B5,E2",3,MPP
"CD-0722-2_B5,E12",2,Unk=2
"CD-0722-2_B5,F9",6,LMPP
"CD-0722-2_B6,B6",7,MEP
"CD-0722-2_B6,C4",2,Unk=2
"CD-0722-2_B6,C8",5,Unk=5
"CD-0722-2_B7,A1",4,HSC
"CD-0722-2_B7,A7",2,Unk=2
"CD-0722-2_B7,B3",1,Unk=HSC
"CD-0722-2_B7,C3",2,Unk=2
"CD-0722-2_B7,C8",0,B-NK
"CD-0722-2_B7,D11",4,HSC
"CD-0722-2_B7,D12",4,HSC
"CD-0722-2_B7,F5",2,Unk=2
"CD-0722-2_B7,F8",2,Unk=2
"CD-0722-2_B7,H2",3,MPP
"CD-0722-2_B8,C11",3,MPP
"CD-0722-2_B8,D7",6,LMPP
"CD-0722-2_B8,E4",0,B-NK
"CD-0722-2_B8,G9",1,Unk=HSC
"CD-0722-2_B9,C12",3,MPP
"CD-0722-2_B9,D1",2,Unk=2
"CD-0722-2_B9,F10",2,Unk=2
"CD-0722-2_B9,H7",3,MPP
"CD-0722-2_B10,B9",3,MPP
"CD-0722-2_B10,D10",3,MPP
"CD-0722-2_B10,E9",0,B-NK
"CD-0722-2_B10,G9",7,MEP
"CD-0722-2_B11,A2",4,HSC
"CD-0722-2_B11,A3",3,MPP
"CD-0722-2_B11,A4",2,Unk=2
"CD-0722-2_B11,B1",5,Unk=5
"CD-0722-2_B11,C3",8,Unk=B-NK
"CD-0722-2_B11,D2",3,MPP
"CD-0722-2_B11,G11",6,LMPP
"CD-0722-2_B11,H5",4,HSC
"CD-0722-2_B11,H9",1,Unk=HSC
"CD-0722-2_B12,C5",0,B-NK
"CD-0722-2_B12,C6",5,Unk=5
"CD-0722-2_B12,C10",1,Unk=HSC
"CD-0722-2_B12,D12",5,Unk=5
"CD-0722-2_B12,E1",0,B-NK
"CD-0722-2_B12,G5",1,Unk=HSC
"CD-0722-2_C1,A11",2,Unk=2
"CD-0722-2_C1,B1",6,LMPP
"CD-0722-2_C1,B4",8,Unk=B-NK
"CD-0722-2_C1,E12",0,B-NK
"CD-0722-2_C1,F10",1,Unk=HSC
"CD-0722-2_C1,H9",0,B-NK
"CD-0722-2_C2,A7",3,MPP
"CD-0722-2_C2,C8",1,Unk=HSC
"CD-0722-2_C2,E1",6,LMPP
"CD-0722-2_C2,G12",4,HSC
"CD-0722-2_C2,H1",3,MPP
"CD-0722-2_C3,A7",3,MPP
"CD-0722-2_C3,B5",2,Unk=2
"CD-0722-2_C3,E1",5,Unk=5
"CD-0722-2_C3,E6",0,B-NK
"CD-0722-2_C3,G8",0,B-NK
"CD-0722-2_C4,A3",7,MEP
"CD-0722-2_C4,B10",0,B-NK
"CD-0722-2_C4,D1",5,Unk=5
"CD-0722-2_C4,D5",5,Unk=5
"CD-0722-2_C4,E3",0,B-NK
"CD-0722-2_C4,E4",0,B-NK
"CD-0722-2_C4,E9",3,MPP
"CD-0722-2_C4,H5",5,Unk=5
"CD-0722-2_C5,B7",5,Unk=5
"CD-0722-2_C5,C5",7,MEP
"CD-0722-2_C5,C8",6,LMPP
"CD-0722-2_C5,E5",5,Unk=5
"CD-0722-2_C5,E9",6,LMPP
"CD-0722-2_C5,H1",0,B-NK
"CD-0722-2_C6,F6",0,B-NK
"CD-0722-2_C6,G8",6,LMPP
"CD-0722-2_C7,B1",5,Unk=5
"CD-0722-2_C7,C6",3,MPP
"CD-0722-2_C7,D9",6,LMPP
"CD-0722-2_C7,D10",3,MPP
"CD-0722-2_C7,E12",4,HSC
"CD-0722-2_C7,F6",0,B-NK
"CD-0722-2_C7,G11",7,MEP
"CD-0722-2_C8,A3",3,MPP
"CD-0722-2_C8,C4",5,Unk=5
"CD-0722-2_C8,D1",2,Unk=2
"CD-0722-2_C8,G11",2,Unk=2
"CD-0722-2_C9,B4",8,Unk=B-NK
"CD-0722-2_C9,B5",2,Unk=2
"CD-0722-2_C9,B6",3,MPP
"CD-0722-2_C9,C3",5,Unk=5
"CD-0722-2_C9,E4",4,HSC
"CD-0722-2_C9,E10",5,Unk=5
"CD-0722-2_C9,E11",0,B-NK
"CD-0722-2_C9,E12",1,Unk=HSC
"CD-0722-2_C9,H8",4,HSC
"CD-0722-2_C10,A7",3,MPP
"CD-0722-2_C10,C10",8,Unk=B-NK
"CD-0722-2_C10,E11",1,Unk=HSC
"CD-0722-2_C10,G2",8,Unk=B-NK
"CD-0722-2_C10,G3",8,Unk=B-NK
"CD-0722-2_C11,A4",2,Unk=2
"CD-0722-2_C11,B2",5,Unk=5
"CD-0722-2_C11,C9",2,Unk=2
"CD-0722-2_C11,D8",2,Unk=2
"CD-0722-2_C11,D12",1,Unk=HSC
"CD-0722-2_C11,E3",8,Unk=B-NK
"CD-0722-2_C11,F11",1,Unk=HSC
"CD-0722-2_C12,C6",1,Unk=HSC
"CD-0722-2_C12,D3",0,B-NK
"CD-0722-2_C12,D4",2,Unk=2
"CD-0722-2_C12,F9",0,B-NK
"CD-0722-2_C12,G9",5,Unk=5
"CD-0722-2_D1,B1",3,MPP
"CD-0722-2_D1,B12",6,LMPP
"CD-0722-2_D1,E5",3,MPP
"CD-0722-2_D1,E12",1,Unk=HSC
"CD-0722-2_D1,F5",3,MPP
"CD-0722-2_D1,F8",5,Unk=5
"CD-0722-2_D1,G2",2,Unk=2
"CD-0722-2_D1,H12",1,Unk=HSC
"CD-0722-2_D2,B9",5,Unk=5
"CD-0722-2_D2,E4",0,B-NK
"CD-0722-2_D2,E10",0,B-NK
"CD-0722-2_D2,E12",5,Unk=5
"CD-0722-2_D2,G2",2,Unk=2
"CD-0722-2_D2,G8",7,MEP
"CD-0722-2_D2,H6",0,B-NK
"CD-0722-2_D3,A1",1,Unk=HSC
"CD-0722-2_D3,D7",4,HSC
"CD-0722-2_D3,E6",0,B-NK
"CD-0722-2_D3,F4",2,Unk=2
"CD-0722-2_D4,B3",0,B-NK
"CD-0722-2_D4,G12",6,LMPP
"CD-0722-2_D4,H7",5,Unk=5
"CD-0722-2_D4,H8",4,HSC
"CD-0722-2_D5,A6",4,HSC
"CD-0722-2_D5,B1",4,HSC
"CD-0722-2_D5,E6",6,LMPP
"CD-0722-2_D5,H7",9,MLP
"CD-0722-2_D6,F9",9,MLP
"CD-0722-2_D7,A5",7,MEP
"CD-0722-2_D7,C6",0,B-NK
"CD-0722-2_D7,D1",2,Unk=2
"CD-0722-2_D7,D3",1,Unk=HSC
"CD-0722-2_D7,E7",0,B-NK
"CD-0722-2_D7,F6",4,HSC
"CD-0722-2_D7,G8",6,LMPP
"CD-0722-2_D7,H1",2,Unk=2
"CD-0722-2_D8,A2",1,Unk=HSC
"CD-0722-2_D8,C9",1,Unk=HSC
"CD-0722-2_D8,F4",3,MPP
"CD-0722-2_D9,A2",0,B-NK
"CD-0722-2_D9,C5",8,Unk=B-NK
"CD-0722-2_D9,D3",2,Unk=2
"CD-0722-2_D9,D7",7,MEP
"CD-0722-2_D9,F10",1,Unk=HSC
"CD-0722-2_D10,A4",5,Unk=5
"CD-0722-2_D10,F2",4,HSC
"CD-0722-2_D10,F3",7,MEP
"CD-0722-2_D10,F7",8,Unk=B-NK
"CD-0722-2_D10,G1",0,B-NK
"CD-0722-2_D10,G5",1,Unk=HSC
"CD-0722-2_D11,B10",8,Unk=B-NK
"CD-0722-2_D11,D12",4,HSC
"CD-0722-2_D11,E6",4,HSC
"CD-0722-2_D11,F9",4,HSC
"CD-0722-2_D11,G12",0,B-NK
"CD-0722-2_D11,H12",1,Unk=HSC
"CD-0722-2_D12,E4",0,B-NK
"CD-0722-2_D12,F9",4,HSC
"CD-0722-2_D12,G6",2,Unk=2
"CD-0722-2_D12,H1",5,Unk=5
"CD-0722-2_E1,A2",7,MEP
"CD-0722-2_E1,A7",4,HSC
"CD-0722-2_E1,B1",3,MPP
"CD-0722-2_E1,D4",5,Unk=5
"CD-0722-2_E1,H5",4,HSC
"CD-0722-2_E2,A10",2,Unk=2
"CD-0722-2_E2,B9",1,Unk=HSC
"CD-0722-2_E2,E11",0,B-NK
"CD-0722-2_E2,F3",0,B-NK
"CD-0722-2_E3,B1",0,B-NK
"CD-0722-2_E3,B2",8,Unk=B-NK
"CD-0722-2_E3,B4",1,Unk=HSC
"CD-0722-2_E3,C7",2,Unk=2
"CD-0722-2_E3,D3",6,LMPP
"CD-0722-2_E3,H1",3,MPP
"CD-0722-2_E4,A2",1,Unk=HSC
"CD-0722-2_E4,C5",5,Unk=5
"CD-0722-2_E4,C10",2,Unk=2
"CD-0722-2_E4,F5",1,Unk=HSC
"CD-0722-2_E5,B10",2,Unk=2
"CD-0722-2_E5,C3",0,B-NK
"CD-0722-2_E5,D2",9,MLP
"CD-0722-2_E5,F11",4,HSC
"CD-0722-2_E5,H2",9,MLP
"CD-0722-2_E6,A3",0,B-NK
"CD-0722-2_E6,A11",1,Unk=HSC
"CD-0722-2_E6,C12",1,Unk=HSC
"CD-0722-2_E6,D6",0,B-NK
"CD-0722-2_E6,G3",3,MPP
"CD-0722-2_E7,A4",2,Unk=2
"CD-0722-2_E7,B3",0,B-NK
"CD-0722-2_E7,H1",5,Unk=5
"CD-0722-2_E8,A10",5,Unk=5
"CD-0722-2_E8,E12",1,Unk=HSC
"CD-0722-2_E8,F1",6,LMPP
"CD-0722-2_E8,F4",2,Unk=2
"CD-0722-2_E8,G9",0,B-NK
"CD-0722-2_E9,A6",1,Unk=HSC
"CD-0722-2_E9,A9",1,Unk=HSC
"CD-0722-2_E9,D8",5,Unk=5
"CD-0722-2_E9,E2",6,LMPP
"CD-0722-2_E9,E6",1,Unk=HSC
"CD-0722-2_E9,G7",4,HSC
"CD-0722-2_E10,A5",0,B-NK
"CD-0722-2_E10,E11",0,B-NK
"CD-0722-2_E10,F1",8,Unk=B-NK
"CD-0722-2_E10,F2",4,HSC
"CD-0722-2_E10,G7",0,B-NK
"CD-0722-2_E10,G8",4,HSC
"CD-0722-2_E11,B7",7,MEP
"CD-0722-2_E11,B9",5,Unk=5
"CD-0722-2_E11,F2",0,B-NK
"CD-0722-2_E11,F7",3,MPP
"CD-0722-2_E12,B5",1,Unk=HSC
"CD-0722-2_E12,B9",7,MEP
"CD-0722-2_E12,E7",0,B-NK
"CD-0722-2_E12,F2",6,LMPP
"CD-0722-2_F1,B2",6,LMPP
"CD-0722-2_F1,E4",3,MPP
"CD-0722-2_F1,H3",5,Unk=5
"CD-0722-2_F2,B4",1,Unk=HSC
"CD-0722-2_F2,B9",8,Unk=B-NK
"CD-0722-2_F2,C10",4,HSC
"CD-0722-2_F2,E9",5,Unk=5
"CD-0722-2_F2,G2",2,Unk=2
"CD-0722-2_F2,G10",5,Unk=5
"CD-0722-2_F3,A4",8,Unk=B-NK
"CD-0722-2_F3,A9",3,MPP
"CD-0722-2_F3,A12",5,Unk=5
"CD-0722-2_F3,C12",1,Unk=HSC
"CD-0722-2_F3,E8",7,MEP
"CD-0722-2_F4,A1",1,Unk=HSC
"CD-0722-2_F4,A12",4,HSC
"CD-0722-2_F4,B6",0,B-NK
"CD-0722-2_F4,G12",0,B-NK
"CD-0722-2_F4,H7",0,B-NK
"CD-0722-2_F5,A9",3,MPP
"CD-0722-2_F5,C9",8,Unk=B-NK
"CD-0722-2_F5,G9",6,LMPP
"CD-0722-2_F5,H1",2,Unk=2
"CD-0722-2_F6,A6",5,Unk=5
"CD-0722-2_F6,C9",1,Unk=HSC
"CD-0722-2_F6,D8",2,Unk=2
"CD-0722-2_F6,E2",0,B-NK
"CD-0722-2_F6,F7",3,MPP
"CD-0722-2_F6,F11",4,HSC
"CD-0722-2_F6,H3",4,HSC
"CD-0722-2_F7,C12",9,MLP
"CD-0722-2_F7,E6",7,MEP
"CD-0722-2_F7,F9",0,B-NK
"CD-0722-2_F7,H2",4,HSC
"CD-0722-2_F8,A2",2,Unk=2
"CD-0722-2_F8,B3",3,MPP
"CD-0722-2_F8,B7",4,HSC
"CD-0722-2_F8,C4",3,MPP
"CD-0722-2_F8,C8",0,B-NK
"CD-0722-2_F8,F9",3,MPP
"CD-0722-2_F8,F10",0,B-NK
"CD-0722-2_F9,A4",2,Unk=2
"CD-0722-2_F9,A5",5,Unk=5
"CD-0722-2_F9,B5",1,Unk=HSC
"CD-0722-2_F10,C2",7,MEP
"CD-0722-2_F10,E3",6,LMPP
"CD-0722-2_F10,E5",4,HSC
"CD-0722-2_F10,F10",2,Unk=2
"CD-0722-2_F11,A3",2,Unk=2
"CD-0722-2_F11,C2",5,Unk=5
"CD-0722-2_F11,C10",3,MPP
"CD-0722-2_F11,C11",3,MPP
"CD-0722-2_F11,E4",6,LMPP
"CD-0722-2_F11,E11",9,MLP
"CD-0722-2_F12,A2",3,MPP
"CD-0722-2_F12,B4",2,Unk=2
"CD-0722-2_F12,C5",6,LMPP
"CD-0722-2_F12,D8",1,Unk=HSC
"CD-0722-2_F12,F3",4,HSC
"CD-0722-2_G1,A6",7,MEP
"CD-0722-2_G1,A10",9,MLP
"CD-0722-2_G1,C5",1,Unk=HSC
"CD-0722-2_G1,C6",7,MEP
"CD-0722-2_G1,H1",1,Unk=HSC
"CD-0722-2_G2,C7",2,Unk=2
"CD-0722-2_G2,E5",6,LMPP
"CD-0722-2_G2,H10",4,HSC
"CD-0722-2_G3,A4",2,Unk=2
"CD-0722-2_G3,H3",6,LMPP
"CD-0722-2_G4,A6",3,MPP
"CD-0722-2_G5,A5",5,Unk=5
"CD-0722-2_G5,C2",0,B-NK
"CD-0722-2_G5,H1",5,Unk=5
"CD-0722-2_G6,A3",8,Unk=B-NK
"CD-0722-2_G6,A4",2,Unk=2
"CD-0722-2_G6,D9",4,HSC
"CD-0722-2_G7,A12",0,B-NK
"CD-0722-2_G7,C12",1,Unk=HSC
"CD-0722-2_G7,D2",6,LMPP
"CD-0722-2_G7,E5",0,B-NK
"CD-0722-2_G7,F1",1,Unk=HSC
"CD-0722-2_G7,G1",5,Unk=5
"CD-0722-2_G7,H1",0,B-NK
"CD-0722-2_G7,H10",0,B-NK
"CD-0722-2_G8,D10",5,Unk=5
"CD-0722-2_G8,E8",1,Unk=HSC
"CD-0722-2_G8,F4",2,Unk=2
"CD-0722-2_G8,G8",1,Unk=HSC
"CD-0722-2_G8,H8",1,Unk=HSC
"CD-0722-2_G9,C3",2,Unk=2
"CD-0722-2_G9,C9",2,Unk=2
"CD-0722-2_G9,D4",2,Unk=2
"CD-0722-2_G9,D7",0,B-NK
"CD-0722-2_G9,H3",0,B-NK
"CD-0722-2_G9,H10",4,HSC
"CD-0722-2_G10,A6",0,B-NK
"CD-0722-2_G10,A11",3,MPP
"CD-0722-2_G10,B3",6,LMPP
"CD-0722-2_G10,B9",3,MPP
"CD-0722-2_G10,C2",6,LMPP
"CD-0722-2_G10,E6",2,Unk=2
"CD-0722-2_G10,H9",4,HSC
"CD-0722-2_G11,D5",0,B-NK
"CD-0722-2_G11,H1",8,Unk=B-NK
"CD-0722-2_G11,H10",6,LMPP
"CD-0722-2_G12,A9",1,Unk=HSC
"CD-0722-2_G12,D4",4,HSC
"CD-0722-2_G12,D6",8,Unk=B-NK
"CD-0722-2_H1,A9",4,HSC
"CD-0722-2_H1,B2",2,Unk=2
"CD-0722-2_H1,B5",1,Unk=HSC
"CD-0722-2_H1,E9",6,LMPP
"CD-0722-2_H1,H3",3,MPP
"CD-0722-2_H2,A8",1,Unk=HSC
"CD-0722-2_H2,D2",4,HSC
"CD-0722-2_H2,E6",5,Unk=5
"CD-0722-2_H2,E9",7,MEP
"CD-0722-2_H2,H5",4,HSC
"CD-0722-2_H3,B4",4,HSC
"CD-0722-2_H3,B11",2,Unk=2
"CD-0722-2_H3,G8",1,Unk=HSC
"CD-0722-2_H3,H12",1,Unk=HSC
"CD-0722-2_H4,B11",2,Unk=2
"CD-0722-2_H4,D2",9,MLP
"CD-0722-2_H4,D12",5,Unk=5
"CD-0722-2_H4,E1",0,B-NK
"CD-0722-2_H4,E4",9,MLP
"CD-0722-2_H4,G5",0,B-NK
"CD-0722-2_H5,B2",2,Unk=2
"CD-0722-2_H5,E10",0,B-NK
"CD-0722-2_H5,F4",5,Unk=5
"CD-0722-2_H5,H5",9,MLP
"CD-0722-2_H6,A5",3,MPP
"CD-0722-2_H6,B5",5,Unk=5
"CD-0722-2_H6,F1",7,MEP
"CD-0722-2_H6,F5",0,B-NK
"CD-0722-2_H7,A6",9,MLP
"CD-0722-2_H7,C2",7,MEP
"CD-0722-2_H7,H10",3,MPP
"CD-0722-2_H8,C11",3,MPP
"CD-0722-2_H8,E3",1,Unk=HSC
"CD-0722-2_H9,A8",5,Unk=5
"CD-0722-2_H9,A10",2,Unk=2
"CD-0722-2_H9,C2",6,LMPP
"CD-0722-2_H9,D5",1,Unk=HSC
"CD-0722-2_H9,E10",3,MPP
"CD-0722-2_H10,B3",0,B-NK
"CD-0722-2_H10,B5",2,Unk=2
"CD-0722-2_H10,D6",4,HSC
"CD-0722-2_H10,D10",3,MPP
"CD-0722-2_H10,E9",4,HSC
"CD-0722-2_H11,A3",2,Unk=2
"CD-0722-2_H11,B5",5,Unk=5
"CD-0722-2_H11,B7",3,MPP
"CD-0722-2_H11,B9",2,Unk=2
"CD-0722-2_H11,C11",0,B-NK
"CD-0722-2_H11,E12",7,MEP
"CD-0722-2_H11,F1",3,MPP
"CD-0722-2_H11,F5",4,HSC
"CD-0722-2_H11,G7",3,MPP
"CD-0722-2_H11,G10",6,LMPP
"CD-0722-2_H12,C1",2,Unk=2
"CD-0722-2_H12,D11",7,MEP
"CD-0722-2_H12,D12",3,MPP
"CD-0722-2_H12,E2",1,Unk=HSC
"CD-0722-2_H12,F10",1,Unk=HSC
"CD-0722-4_A1,A4",8,Unk=B-NK
"CD-0722-4_A1,C1",3,MPP
"CD-0722-4_A1,C12",7,MEP
"CD-0722-4_A1,D8",3,MPP
"CD-0722-4_A1,F5",4,HSC
"CD-0722-4_A2,B10",2,Unk=2
"CD-0722-4_A2,C9",2,Unk=2
"CD-0722-4_A2,D10",1,Unk=HSC
"CD-0722-4_A2,E1",4,HSC
"CD-0722-4_A2,G11",2,Unk=2
"CD-0722-4_A3,A7",6,LMPP
"CD-0722-4_A3,C10",0,B-NK
"CD-0722-4_A3,E1",0,B-NK
"CD-0722-4_A3,E12",3,MPP
"CD-0722-4_A3,F7",0,B-NK
"CD-0722-4_A3,G9",5,Unk=5
"CD-0722-4_A3,H5",4,HSC
"CD-0722-4_A4,A6",4,HSC
"CD-0722-4_A4,B3",7,MEP
"CD-0722-4_A4,E4",4,HSC
"CD-0722-4_A4,E11",2,Unk=2
"CD-0722-4_A4,F1",2,Unk=2
"CD-0722-4_A4,H9",0,B-NK
"CD-0722-4_A4,H12",2,Unk=2
"CD-0722-4_A5,A9",3,MPP
"CD-0722-4_A5,C8",4,HSC
"CD-0722-4_A5,C9",3,MPP
"CD-0722-4_A5,C10",7,MEP
"CD-0722-4_A5,D6",3,MPP
"CD-0722-4_A6,C2",0,B-NK
"CD-0722-4_A6,C9",1,Unk=HSC
"CD-0722-4_A6,C12",1,Unk=HSC
"CD-0722-4_A6,D4",2,Unk=2
"CD-0722-4_A6,E6",4,HSC
"CD-0722-4_A6,E7",6,LMPP
"CD-0722-4_A6,E12",0,B-NK
"CD-0722-4_A6,F5",1,Unk=HSC
"CD-0722-4_A7,C8",6,LMPP
"CD-0722-4_A7,E7",4,HSC
"CD-0722-4_A7,G9",0,B-NK
"CD-0722-4_A7,H7",4,HSC
"CD-0722-4_A8,A6",4,HSC
"CD-0722-4_A8,E5",6,LMPP
"CD-0722-4_A8,E9",3,MPP
"CD-0722-4_A8,E10",0,B-NK
"CD-0722-4_A8,F10",6,LMPP
"CD-0722-4_A9,B8",8,Unk=B-NK
"CD-0722-4_A9,B10",2,Unk=2
"CD-0722-4_A9,C12",3,MPP
"CD-0722-4_A9,H9",1,Unk=HSC
"CD-0722-4_A10,B2",6,LMPP
"CD-0722-4_A10,B9",5,Unk=5
"CD-0722-4_A10,E11",0,B-NK
"CD-0722-4_A10,H1",6,LMPP
"CD-0722-4_A11,C1",3,MPP
"CD-0722-4_A11,G11",3,MPP
"CD-0722-4_A11,H6",9,MLP
"CD-0722-4_A12,A5",4,HSC
"CD-0722-4_A12,C12",4,HSC
"CD-0722-4_A12,E11",7,MEP
"CD-0722-4_A12,G9",0,B-NK
"CD-0722-4_B1,B6",6,LMPP
"CD-0722-4_B1,G8",0,B-NK
"CD-0722-4_B2,C10",3,MPP
"CD-0722-4_B2,D12",4,HSC
"CD-0722-4_B2,G8",6,LMPP
"CD-0722-4_B2,G9",6,LMPP
"CD-0722-4_B3,A6",2,Unk=2
"CD-0722-4_B3,B4",8,Unk=B-NK
"CD-0722-4_B3,B8",2,Unk=2
"CD-0722-4_B3,D10",5,Unk=5
"CD-0722-4_B3,F10",4,HSC
"CD-0722-4_B3,H8",3,MPP
"CD-0722-4_B4,A11",1,Unk=HSC
"CD-0722-4_B4,B3",4,HSC
"CD-0722-4_B4,C8",4,HSC
"CD-0722-4_B4,C11",1,Unk=HSC
"CD-0722-4_B4,C12",0,B-NK
"CD-0722-4_B4,E2",2,Unk=2
"CD-0722-4_B4,E3",4,HSC
"CD-0722-4_B4,E4",6,LMPP
"CD-0722-4_B5,A5",6,LMPP
"CD-0722-4_B5,E2",3,MPP
"CD-0722-4_B5,E4",6,LMPP
"CD-0722-4_B5,E9",4,HSC
"CD-0722-4_B5,F5",5,Unk=5
"CD-0722-4_B5,F7",0,B-NK
"CD-0722-4_B5,H3",3,MPP
"CD-0722-4_B5,H8",0,B-NK
"CD-0722-4_B6,A2",1,Unk=HSC
"CD-0722-4_B6,A7",8,Unk=B-NK
"CD-0722-4_B6,B8",3,MPP
"CD-0722-4_B6,D12",3,MPP
"CD-0722-4_B6,F10",3,MPP
"CD-0722-4_B6,G2",8,Unk=B-NK
"CD-0722-4_B6,G12",6,LMPP
"CD-0722-4_B7,E7",0,B-NK
"CD-0722-4_B7,G8",2,Unk=2
"CD-0722-4_B8,A12",4,HSC
"CD-0722-4_B8,B9",5,Unk=5
"CD-0722-4_B8,E7",3,MPP
"CD-0722-4_B8,H5",8,Unk=B-NK
"CD-0722-4_B9,E7",0,B-NK
"CD-0722-4_B9,G1",2,Unk=2
"CD-0722-4_B9,G2",2,Unk=2
"CD-0722-4_B9,G9",6,LMPP
"CD-0722-4_B9,H10",7,MEP
"CD-0722-4_B10,A2",6,LMPP
"CD-0722-4_B10,A5",0,B-NK
"CD-0722-4_B10,B7",1,Unk=HSC
"CD-0722-4_B10,B8",6,LMPP
"CD-0722-4_B10,E4",1,Unk=HSC
"CD-0722-4_B10,E12",7,MEP
"CD-0722-4_B10,G5",4,HSC
"CD-0722-4_B10,H7",4,HSC
"CD-0722-4_B11,B7",4,HSC
"CD-0722-4_B11,B9",2,Unk=2
"CD-0722-4_B11,C2",1,Unk=HSC
"CD-0722-4_B11,E3",5,Unk=5
"CD-0722-4_B11,G7",9,MLP
"CD-0722-4_B11,H1",2,Unk=2
"CD-0722-4_B11,H9",0,B-NK
"CD-0722-4_B11,H10",9,MLP
"CD-0722-4_B12,A5",3,MPP
"CD-0722-4_B12,B10",2,Unk=2
"CD-0722-4_B12,E6",4,HSC
"CD-0722-4_B12,E12",1,Unk=HSC
"CD-0722-4_B12,H1",1,Unk=HSC
"CD-0722-4_C1,A3",7,MEP
"CD-0722-4_C1,B9",2,Unk=2
"CD-0722-4_C1,D9",8,Unk=B-NK
"CD-0722-4_C1,E1",4,HSC
"CD-0722-4_C1,G3",4,HSC
"CD-0722-4_C2,A6",2,Unk=2
"CD-0722-4_C2,C8",6,LMPP
"CD-0722-4_C2,D3",2,Unk=2
"CD-0722-4_C2,E12",1,Unk=HSC
"CD-0722-4_C2,F2",4,HSC
"CD-0722-4_C2,F6",4,HSC
"CD-0722-4_C3,B10",2,Unk=2
"CD-0722-4_C3,D3",1,Unk=HSC
"CD-0722-4_C3,G3",7,MEP
"CD-0722-4_C3,G10",6,LMPP
"CD-0722-4_C4,A11",5,Unk=5
"CD-0722-4_C4,C1",2,Unk=2
"CD-0722-4_C4,C4",1,Unk=HSC
"CD-0722-4_C4,E5",5,Unk=5
"CD-0722-4_C4,G11",2,Unk=2
"CD-0722-4_C4,H1",2,Unk=2
"CD-0722-4_C5,B6",5,Unk=5
"CD-0722-4_C5,E12",4,HSC
"CD-0722-4_C5,F10",9,MLP
"CD-0722-4_C5,H3",3,MPP
"CD-0722-4_C5,H7",4,HSC
"CD-0722-4_C5,H8",5,Unk=5
"CD-0722-4_C6,D4",9,MLP
"CD-0722-4_C7,A5",2,Unk=2
"CD-0722-4_C7,C12",9,MLP
"CD-0722-4_C7,D2",7,MEP
"CD-0722-4_C7,F5",0,B-NK
"CD-0722-4_C7,F7",7,MEP
"CD-0722-4_C7,F11",3,MPP
"CD-0722-4_C8,B9",2,Unk=2
"CD-0722-4_C8,D6",1,Unk=HSC
"CD-0722-4_C8,F5",9,MLP
"CD-0722-4_C8,F6",4,HSC
"CD-0722-4_C8,H2",4,HSC
"CD-0722-4_C8,H6",0,B-NK
"CD-0722-4_C9,A2",7,MEP
"CD-0722-4_C9,B1",1,Unk=HSC
"CD-0722-4_C9,C6",5,Unk=5
"CD-0722-4_C9,E9",6,LMPP
"CD-0722-4_C9,F6",4,HSC
"CD-0722-4_C9,F9",0,B-NK
"CD-0722-4_C10,D12",3,MPP
"CD-0722-4_C10,G3",0,B-NK
"CD-0722-4_C11,C1",8,Unk=B-NK
"CD-0722-4_C11,C9",4,HSC
"CD-0722-4_C11,E7",0,B-NK
"CD-0722-4_C11,G8",0,B-NK
"CD-0722-4_C12,C6",3,MPP
"CD-0722-4_C12,D9",6,LMPP
"CD-0722-4_C12,E4",5,Unk=5
"CD-0722-4_C12,E5",1,Unk=HSC
"CD-0722-4_C12,G7",4,HSC
"CD-0722-4_C12,H12",0,B-NK
"CD-0722-4_D1,D7",4,HSC
"CD-0722-4_D1,F5",3,MPP
"CD-0722-4_D2,A6",1,Unk=HSC
"CD-0722-4_D2,B7",7,MEP
"CD-0722-4_D2,C4",4,HSC
"CD-0722-4_D2,E3",6,LMPP
"CD-0722-4_D2,E11",6,LMPP
"CD-0722-4_D2,F6",4,HSC
"CD-0722-4_D2,G3",3,MPP
"CD-0722-4_D2,G11",2,Unk=2
"CD-0722-4_D2,H1",0,B-NK
"CD-0722-4_D3,A4",5,Unk=5
"CD-0722-4_D3,A11",3,MPP
"CD-0722-4_D3,B9",0,B-NK
"CD-0722-4_D3,C1",0,B-NK
"CD-0722-4_D3,C5",2,Unk=2
"CD-0722-4_D3,C8",0,B-NK
"CD-0722-4_D3,H8",4,HSC
"CD-0722-4_D4,A12",5,Unk=5
"CD-0722-4_D4,C9",5,Unk=5
"CD-0722-4_D4,H1",1,Unk=HSC
"CD-0722-4_D4,H3",6,LMPP
"CD-0722-4_D5,B4",1,Unk=HSC
"CD-0722-4_D6,A5",0,B-NK
"CD-0722-4_D6,A6",0,B-NK
"CD-0722-4_D6,A9",9,MLP
"CD-0722-4_D6,C5",6,LMPP
"CD-0722-4_D6,D9",4,HSC
"CD-0722-4_D6,E12",4,HSC
"CD-0722-4_D6,F5",0,B-NK
"CD-0722-4_D6,H8",0,B-NK
"CD-0722-4_D7,A3",1,Unk=HSC
"CD-0722-4_D7,A4",2,Unk=2
"CD-0722-4_D7,B9",2,Unk=2
"CD-0722-4_D7,D4",2,Unk=2
"CD-0722-4_D7,D5",5,Unk=5
"CD-0722-4_D7,F6",1,Unk=HSC
"CD-0722-4_D7,F11",3,MPP
"CD-0722-4_D7,H3",1,Unk=HSC
"CD-0722-4_D8,A6",4,HSC
"CD-0722-4_D8,C3",5,Unk=5
"CD-0722-4_D8,C4",3,MPP
"CD-0722-4_D8,C10",3,MPP
"CD-0722-4_D8,C11",0,B-NK
"CD-0722-4_D9,A11",7,MEP
"CD-0722-4_D9,E6",4,HSC
"CD-0722-4_D9,E12",1,Unk=HSC
"CD-0722-4_D9,F2",0,B-NK
"CD-0722-4_D9,F4",2,Unk=2
"CD-0722-4_D10,C1",8,Unk=B-NK
"CD-0722-4_D10,C2",5,Unk=5
"CD-0722-4_D10,D2",6,LMPP
"CD-0722-4_D10,D11",0,B-NK
"CD-0722-4_D10,E10",6,LMPP
"CD-0722-4_D10,F2",0,B-NK
"CD-0722-4_D10,G9",5,Unk=5
"CD-0722-4_D10,G11",2,Unk=2
"CD-0722-4_D10,H12",1,Unk=HSC
"CD-0722-4_D11,A1",2,Unk=2
"CD-0722-4_D11,C10",5,Unk=5
"CD-0722-4_D11,F6",3,MPP
"CD-0722-4_D11,F9",5,Unk=5
"CD-0722-4_D11,F11",8,Unk=B-NK
"CD-0722-4_D11,G8",1,Unk=HSC
"CD-0722-4_D12,A9",4,HSC
"CD-0722-4_D12,A11",5,Unk=5
"CD-0722-4_D12,B7",3,MPP
"CD-0722-4_D12,B9",5,Unk=5
"CD-0722-4_D12,C1",3,MPP
"CD-0722-4_D12,C9",6,LMPP
"CD-0722-4_D12,D2",6,LMPP
"CD-0722-4_D12,D3",3,MPP
"CD-0722-4_D12,F2",6,LMPP
"CD-0722-4_E1,A6",4,HSC
"CD-0722-4_E1,B6",5,Unk=5
"CD-0722-4_E1,B12",6,LMPP
"CD-0722-4_E1,C11",1,Unk=HSC
"CD-0722-4_E1,D4",4,HSC
"CD-0722-4_E1,D5",1,Unk=HSC
"CD-0722-4_E1,D7",4,HSC
"CD-0722-4_E2,B8",2,Unk=2
"CD-0722-4_E2,C6",2,Unk=2
"CD-0722-4_E2,C12",4,HSC
"CD-0722-4_E2,D11",0,B-NK
"CD-0722-4_E2,E2",1,Unk=HSC
"CD-0722-4_E2,F1",6,LMPP
"CD-0722-4_E2,G10",0,B-NK
"CD-0722-4_E3,E1",4,HSC
"CD-0722-4_E3,F9",6,LMPP
"CD-0722-4_E3,G9",0,B-NK
"CD-0722-4_E3,H6",1,Unk=HSC
"CD-0722-4_E3,H8",4,HSC
"CD-0722-4_E4,C10",4,HSC
"CD-0722-4_E4,E4",0,B-NK
"CD-0722-4_E4,E8",4,HSC
"CD-0722-4_E4,G7",4,HSC
"CD-0722-4_E5,B4",0,B-NK
"CD-0722-4_E5,B12",0,B-NK
"CD-0722-4_E5,C12",0,B-NK
"CD-0722-4_E5,E7",6,LMPP
"CD-0722-4_E5,E11",4,HSC
"CD-0722-4_E6,C8",0,B-NK
"CD-0722-4_E6,D10",2,Unk=2
"CD-0722-4_E6,E3",6,LMPP
"CD-0722-4_E6,F10",3,MPP
"CD-0722-4_E6,F11",1,Unk=HSC
"CD-0722-4_E6,G1",6,LMPP
"CD-0722-4_E7,A6",4,HSC
"CD-0722-4_E7,B10",2,Unk=2
"CD-0722-4_E7,C11",4,HSC
"CD-0722-4_E7,D4",4,HSC
"CD-0722-4_E7,E1",5,Unk=5
"CD-0722-4_E7,F4",7,MEP
"CD-0722-4_E7,F12",2,Unk=2
"CD-0722-4_E8,A10",5,Unk=5
"CD-0722-4_E8,C3",2,Unk=2
"CD-0722-4_E8,C9",1,Unk=HSC
"CD-0722-4_E8,E6",2,Unk=2
"CD-0722-4_E9,A12",6,LMPP
"CD-0722-4_E9,C1",5,Unk=5
"CD-0722-4_E9,E2",2,Unk=2
"CD-0722-4_E9,H6",4,HSC
"CD-0722-4_E10,C9",4,HSC
"CD-0722-4_E10,G11",3,MPP
"CD-0722-4_E11,C11",0,B-NK
"CD-0722-4_E11,D8",0,B-NK
"CD-0722-4_E12,E7",0,B-NK
"CD-0722-4_E12,H7",1,Unk=HSC
"CD-0722-4_F1,A10",2,Unk=2
"CD-0722-4_F1,B10",8,Unk=B-NK
"CD-0722-4_F1,D12",6,LMPP
"CD-0722-4_F1,E8",4,HSC
"CD-0722-4_F1,E9",9,MLP
"CD-0722-4_F1,F6",6,LMPP
"CD-0722-4_F1,G8",1,Unk=HSC
"CD-0722-4_F1,H9",0,B-NK
"CD-0722-4_F2,A6",4,HSC
"CD-0722-4_F2,B7",1,Unk=HSC
"CD-0722-4_F2,C10",9,MLP
"CD-0722-4_F2,F8",8,Unk=B-NK
"CD-0722-4_F2,F12",8,Unk=B-NK
"CD-0722-4_F3,E8",7,MEP
"CD-0722-4_F4,A11",3,MPP
"CD-0722-4_F4,D8",0,B-NK
"CD-0722-4_F4,E4",3,MPP
"CD-0722-4_F4,E10",3,MPP
"CD-0722-4_F4,F5",3,MPP
"CD-0722-4_F5,A9",8,Unk=B-NK
"CD-0722-4_F5,B6",3,MPP
"CD-0722-4_F5,B10",2,Unk=2
"CD-0722-4_F5,C12",7,MEP
"CD-0722-4_F5,D8",4,HSC
"CD-0722-4_F5,F7",2,Unk=2
"CD-0722-4_F6,D9",0,B-NK
"CD-0722-4_F6,E2",4,HSC
"CD-0722-4_F6,F7",5,Unk=5
"CD-0722-4_F6,G11",3,MPP
"CD-0722-4_F7,A6",5,Unk=5
"CD-0722-4_F7,A11",2,Unk=2
"CD-0722-4_F7,C12",6,LMPP
"CD-0722-4_F7,H8",1,Unk=HSC
"CD-0722-4_F8,A2",0,B-NK
"CD-0722-4_F8,A4",3,MPP
"CD-0722-4_F8,B3",3,MPP
"CD-0722-4_F8,B9",2,Unk=2
"CD-0722-4_F8,B12",0,B-NK
"CD-0722-4_F8,E6",0,B-NK
"CD-0722-4_F8,E8",4,HSC
"CD-0722-4_F9,G5",0,B-NK
"CD-0722-4_F10,B4",0,B-NK
"CD-0722-4_F10,B9",2,Unk=2
"CD-0722-4_F10,C12",1,Unk=HSC
"CD-0722-4_F10,E1",4,HSC
"CD-0722-4_F10,G10",4,HSC
"CD-0722-4_F10,H1",0,B-NK
"CD-0722-4_F10,H8",6,LMPP
"CD-0722-4_F11,C2",3,MPP
"CD-0722-4_F11,D7",5,Unk=5
"CD-0722-4_F11,E4",4,HSC
"CD-0722-4_F11,G7",4,HSC
"CD-0722-4_F12,B10",2,Unk=2
"CD-0722-4_F12,C6",5,Unk=5
"CD-0722-4_F12,G8",9,MLP
"CD-0722-4_F12,G9",6,LMPP
"CD-0722-4_F12,G10",0,B-NK
"CD-0722-4_G1,C3",2,Unk=2
"CD-0722-4_G1,C10",1,Unk=HSC
"CD-0722-4_G1,C12",4,HSC
"CD-0722-4_G1,D11",3,MPP
"CD-0722-4_G1,G5",4,HSC
"CD-0722-4_G1,G9",4,HSC
"CD-0722-4_G2,A5",6,LMPP
"CD-0722-4_G2,B12",4,HSC
"CD-0722-4_G2,C11",6,LMPP
"CD-0722-4_G2,E2",7,MEP
"CD-0722-4_G2,G3",4,HSC
"CD-0722-4_G3,B6",4,HSC
"CD-0722-4_G3,E9",3,MPP
"CD-0722-4_G3,G3",4,HSC
"CD-0722-4_G4,C4",0,B-NK
"CD-0722-4_G4,C10",9,MLP
"CD-0722-4_G4,C11",1,Unk=HSC
"CD-0722-4_G4,D12",7,MEP
"CD-0722-4_G4,E6",0,B-NK
"CD-0722-4_G4,H1",1,Unk=HSC
"CD-0722-4_G5,A3",7,MEP
"CD-0722-4_G5,B8",1,Unk=HSC
"CD-0722-4_G5,E2",6,LMPP
"CD-0722-4_G5,H9",1,Unk=HSC
"CD-0722-4_G6,B7",1,Unk=HSC
"CD-0722-4_G6,D11",7,MEP
"CD-0722-4_G8,B6",1,Unk=HSC
"CD-0722-4_G8,E10",4,HSC
"CD-0722-4_G8,F2",1,Unk=HSC
"CD-0722-4_G8,F11",1,Unk=HSC
"CD-0722-4_G8,G1",0,B-NK
"CD-0722-4_G8,G9",4,HSC
"CD-0722-4_G9,A3",0,B-NK
"CD-0722-4_G9,B1",3,MPP
"CD-0722-4_G9,D2",7,MEP
"CD-0722-4_G9,F6",7,MEP
"CD-0722-4_G9,F11",3,MPP
"CD-0722-4_G9,H8",5,Unk=5
"CD-0722-4_G10,A5",3,MPP
"CD-0722-4_G10,A9",4,HSC
"CD-0722-4_G10,A11",6,LMPP
"CD-0722-4_G10,B2",2,Unk=2
"CD-0722-4_G10,B3",7,MEP
"CD-0722-4_G10,B5",2,Unk=2
"CD-0722-4_G10,D3",1,Unk=HSC
"CD-0722-4_G10,E7",1,Unk=HSC
"CD-0722-4_G11,A12",0,B-NK
"CD-0722-4_G11,B9",8,Unk=B-NK
"CD-0722-4_G11,C9",1,Unk=HSC
"CD-0722-4_G11,E12",0,B-NK
"CD-0722-4_G12,A6",0,B-NK
"CD-0722-4_G12,A9",1,Unk=HSC
"CD-0722-4_G12,E11",0,B-NK
"CD-0722-4_G12,F1",0,B-NK
"CD-0722-4_G12,G9",0,B-NK
"CD-0722-4_H1,B11",2,Unk=2
"CD-0722-4_H1,D2",0,B-NK
"CD-0722-4_H1,D8",7,MEP
"CD-0722-4_H1,G2",5,Unk=5
"CD-0722-4_H2,B12",4,HSC
"CD-0722-4_H2,D8",9,MLP
"CD-0722-4_H2,E6",6,LMPP
"CD-0722-4_H2,F8",2,Unk=2
"CD-0722-4_H2,H6",5,Unk=5
"CD-0722-4_H3,A11",1,Unk=HSC
"CD-0722-4_H3,F7",1,Unk=HSC
"CD-0722-4_H3,F10",3,MPP
"CD-0722-4_H4,F1",6,LMPP
"CD-0722-4_H4,F3",8,Unk=B-NK
"CD-0722-4_H4,G3",1,Unk=HSC
"CD-0722-4_H4,G11",8,Unk=B-NK
"CD-0722-4_H4,H2",1,Unk=HSC
"CD-0722-4_H5,D3",2,Unk=2
"CD-0722-4_H5,E6",0,B-NK
"CD-0722-4_H6,H3",0,B-NK
"CD-0722-4_H7,C12",4,HSC
"CD-0722-4_H7,E4",7,MEP
"CD-0722-4_H7,E5",0,B-NK
"CD-0722-4_H7,E12",6,LMPP
"CD-0722-4_H7,H12",0,B-NK
"CD-0722-4_H8,A6",3,MPP
"CD-0722-4_H8,E11",1,Unk=HSC
"CD-0722-4_H9,A3",3,MPP
"CD-0722-4_H9,A6",9,MLP
"CD-0722-4_H9,A7",5,Unk=5
"CD-0722-4_H9,D11",6,LMPP
"CD-0722-4_H9,E10",0,B-NK
"CD-0722-4_H9,F5",9,MLP
"CD-0722-4_H9,F10",3,MPP
"CD-0722-4_H9,H8",6,LMPP
"CD-0722-4_H10,A5",1,Unk=HSC
"CD-0722-4_H10,B3",5,Unk=5
"CD-0722-4_H10,B5",2,Unk=2
"CD-0722-4_H10,C3",1,Unk=HSC
"CD-0722-4_H10,C8",2,Unk=2
"CD-0722-4_H10,C11",6,LMPP
"CD-0722-4_H10,E2",5,Unk=5
"CD-0722-4_H10,F3",6,LMPP
"CD-0722-4_H10,G3",3,MPP
"CD-0722-4_H10,G9",4,HSC
"CD-0722-4_H10,H5",4,HSC
"CD-0722-4_H11,A2",1,Unk=HSC
"CD-0722-4_H11,H6",4,HSC
"CD-0722-4_H12,A1",5,Unk=5
"CD-0722-4_H12,A8",1,Unk=HSC
"CD-0722-4_H12,B4",1,Unk=HSC
"CD-0722-4_H12,C4",9,MLP
"CD-0722-4_H12,C11",0,B-NK
"CD-0722-4_H12,D2",4,HSC
"CD-0722-4_H12,D9",5,Unk=5
"CD-0722-4_H12,H8",4,HSC
